quarter,ticker,total_obligation,num_awards,avg_award_size,max_award,unique_agencies,unique_naics,expected_obligation,ugr_surprise,ugr_surprise_pct,obligation_qoq,obligation_yoy,awards_qoq,awards_yoy,agency_concentration,ugr_surprise_pct_rank,obligation_qoq_rank,obligation_yoy_rank,awards_qoq_rank,awards_yoy_rank,agency_concentration_rank,composite_signal,composite_rank
2023Q1,BA,8907709861.68,6203,1436032.5425890698,2255625408.0,10,115,4193080668.080001,4714629193.599999,1.1243831366017611,1.2149157728578122,1.9182866502942064,0.06416194887630812,0.10452279202279202,0.1,0.9,0.7758620689655172,0.8559322033898306,0.2542372881355932,0.7155172413793104,0.3140495867768595,0.6359330647745185,0.7666666666666667
2023Q1,BAH,1567641867.28,1304,1202179.3460736196,52274686.52,19,30,1601275739.1275,-33633871.847500086,-0.02100442230257385,1.0732725897989792,0.18579365110690418,0.5040369088811996,-0.055756698044895005,0.05263157894736842,0.5416666666666666,0.7241379310344828,0.4915254237288136,0.7457627118644068,0.4396551724137931,0.11570247933884298,0.5097417308411677,0.55
2023Q1,GD,11224152791.119999,3147,3566619.889138862,1800000000.0,21,130,6267560905.247499,4956591885.872499,0.7908326637436591,2.5673463575847233,0.1542702788271427,0.24633663366336633,0.025749674054758802,0.047619047619047616,0.8416666666666667,0.9051724137931034,0.4661016949152542,0.5423728813559322,0.603448275862069,0.08264462809917356,0.5735677601153665,0.6583333333333333
2023Q1,LDOS,2421238644.15,1438,1683754.272705146,136167778.94,24,61,2412366131.335,8872512.815000057,0.003677929606021297,0.5112235874944902,0.36964845788337486,0.3241252302025783,0.011963406052076003,0.041666666666666664,0.5583333333333333,0.5344827586206896,0.5932203389830508,0.5847457627118644,0.5775862068965517,0.049586776859504134,0.482992529567499,0.49166666666666664
2023Q1,LMT,14341574456.37,11803,1215078.7474684403,969280761.0,10,94,14854893561.485,-513319105.1149998,-0.03455555591767463,-0.36034089745146247,0.4440141791858538,0.16148395985042316,0.016798759476223293,0.1,0.525,0.23275862068965517,0.6016949152542372,0.4406779661016949,0.5948275862068966,0.3140495867768595,0.4515014458382238,0.4166666666666667
2023Q1,NOC,6717828505.49,2575,2608865.439025243,2100000000.0,10,85,3575539252.9025,3142289252.5874996,0.8788294660831082,0.9579860670589423,0.9732426008351321,0.11956521739130435,-0.014919663351185922,0.1,0.8583333333333333,0.6982758620689655,0.7372881355932204,0.3813559322033898,0.5172413793103449,0.3140495867768595,0.5844240382143522,0.675
2023Q1,RTX,9566954144.92,6457,1481640.7224593465,1225368567.01,14,115,6894893225.789999,2672060919.130001,0.3875420302573059,0.7317103588397965,1.081042278878166,0.09738273283480625,0.004042917120199036,0.07142857142857142,0.7333333333333333,0.6120689655172413,0.7542372881355932,0.3305084745762712,0.5603448275862069,0.2024793388429752,0.5321620379986035,0.5833333333333334
2023Q1,SAIC,1393744707.55,89243,15617.412094506011,102475669.0,17,107,1261744941.2475,131999766.30250001,0.10461683814796238,0.6428707862863152,0.3429242887795417,0.19393420471724618,0.07546305780841397,0.058823529411764705,0.5916666666666667,0.5948275862068966,0.576271186440678,0.4915254237288136,0.6724137931034483,0.14049586776859505,0.5112000873191831,0.5583333333333333
2023Q2,BA,4005774045.72,6002,667406.538773742,629776662.02,8,95,5656913985.365001,-1651139939.645001,-0.29187997977637,-0.55030259091033,0.27846454796084,-0.03240367564081896,0.005023442732752847,0.125,0.3333333333333333,0.19658119658119658,0.7586206896551724,0.423728813559322,0.6434782608695652,0.40082644628099173,0.4594281233799302,0.3949579831932773
2023Q2,BAH,2075055963.5,1362,1523535.9497063141,159429975.15,17,32,1662681428.4475002,412374535.0524998,0.2480177669618571,0.32367985750496014,0.22035075363538162,0.04447852760736196,0.002207505518763797,0.058823529411764705,0.7833333333333333,0.6923076923076923,0.7327586206896551,0.635593220338983,0.6347826086956522,0.17355371900826447,0.6087215323955968,0.7310924369747899
2023Q2,GD,5931226175.63,3184,1862822.2913410803,1075896000.0,22,134,6642592908.68,-711366733.0500002,-0.10709172499799649,-0.47156580224723094,-0.017009843753867077,0.011757229107086114,-0.19023397761953204,0.045454545454545456,0.48333333333333334,0.21367521367521367,0.5517241379310345,0.5423728813559322,0.25217391304347825,0.07024793388429752,0.35225456887054823,0.21008403361344538
2023Q2,LDOS,2453476683.15,1361,1802701.4571271124,277585346.0,21,62,2575730519.8075004,-122253836.65750027,-0.047463752794541965,0.013314688776296763,-0.032382029158777095,-0.05354659248956885,-0.11450878334417697,0.047619047619047616,0.5666666666666667,0.5555555555555556,0.5344827586206896,0.3813559322033898,0.3826086956521739,0.08677685950413223,0.4179077447004346,0.31932773109243695
2023Q2,LMT,19361866198.09,10469,1849447.530622791,7795532764.0,9,87,15957351989.917501,3404514208.1724987,0.21335082476864634,0.35005164579333686,0.4123114892313077,-0.11302211302211303,-0.16906103659020558,0.1111111111111111,0.7583333333333333,0.7008547008547008,0.8189655172413793,0.2796610169491525,0.30434782608695654,0.3512396694214876,0.5355670106478351,0.6134453781512605
2023Q2,NOC,2818933524.11,2618,1076750.7731512606,158126213.0,11,91,4403880999.1075,-1584947474.9975,-0.35989788900261127,-0.580380249092949,-0.3484925333056801,0.016699029126213592,0.018280824581874758,0.09090909090909091,0.275,0.17094017094017094,0.28448275862068967,0.576271186440678,0.6608695652173913,0.2768595041322314,0.3740705308918602,0.25210084033613445
2023Q2,RTX,8129515730.43,6487,1253201.1300184985,2023073135.86,16,127,8137333374.1375,-7817643.707499504,-0.000960713215012912,-0.15025037150964832,-0.1383264482803123,0.004646120489391358,0.03493937460114869,0.0625,0.6,0.4017094017094017,0.4224137931034483,0.5169491525423728,0.7130434782608696,0.19834710743801653,0.47541048884235143,0.4369747899159664
2023Q2,SAIC,1436172592.02,87797,16357.877740925089,58581248.0,18,108,1350720343.02,85452249.0,0.06326420523803032,0.030441647053556935,0.032148997350861935,-0.01620295149199377,0.020539346739509474,0.05555555555555555,0.6416666666666667,0.5811965811965812,0.5775862068965517,0.4661016949152542,0.6782608695652174,0.15289256198347106,0.5162840968706237,0.5462184873949579
2023Q3,BA,6854529510.5,6270,1093226.3972089314,1713444260.0,11,112,5875040107.957501,979489402.5424986,0.16672046225111217,0.7111622952931593,0.044104501734480536,0.04465178273908697,-0.021688250897175847,0.09090909090909091,0.4406779661016949,0.6521739130434783,0.5086206896551724,0.2956521739130435,0.5130434782608696,0.3235294117647059,0.45561627212316075,0.4
2023Q3,BAH,2971007351.54,1705,1742526.305888563,115270651.17,20,34,1756351249.2000003,1214656102.3399997,0.6915792629141027,0.4317721564139395,0.13112819653916996,0.25183553597650515,-0.06318681318681318,0.05,0.7203389830508474,0.5391304347826087,0.5948275862068966,0.5826086956521739,0.40869565217391307,0.15126050420168066,0.4994769760113533,0.48695652173913045
2023Q3,GD,6840108059.54,3744,1826951.938979701,1593237569.0,22,137,6616934149.567499,223173909.9725008,0.03372769094083973,0.153236760325273,0.10932690961107336,0.17587939698492464,-0.040983606557377046,0.045454545454545456,0.3983050847457627,0.4,0.5862068965517241,0.4260869565217391,0.46956521739130436,0.11764705882352941,0.39963520233900995,0.25217391304347825
2023Q3,LDOS,3978200360.31,4371,910135.0629855868,266234548.16,28,75,2555203680.7325,1422996679.5774999,0.556901467506328,0.6214543173087826,0.06257384395934018,2.2116091109478324,1.0883898709985667,0.03571428571428571,0.652542372881356,0.6086956521739131,0.5344827586206896,0.991304347826087,0.9565217391304348,0.04201680672268908,0.6309272795591948,0.808695652173913
2023Q3,LMT,13807395691.13,11787,1171408.8140434376,1315650774.26,10,92,17370482157.6075,-3563086466.477499,-0.20512306072730546,-0.28687681497912304,0.03365516931476154,0.12589550100296112,-0.1040589844937671,0.1,0.2542372881355932,0.19130434782608696,0.5,0.3391304347826087,0.3217391304347826,0.36554621848739494,0.3286595699444111,0.1391304347826087
2023Q3,NOC,3665807594.5,3110,1178716.2683279742,345921509.3,11,100,4026917827.0575,-361110232.5574999,-0.0896741001594676,0.3004235691075322,0.1674842601494349,0.18792971734148206,0.05245346869712352,0.09090909090909091,0.2796610169491525,0.4608695652173913,0.6637931034482759,0.45217391304347826,0.6347826086956522,0.3235294117647059,0.46913493651977606,0.41739130434782606
2023Q3,RTX,7571469828.66,7111,1064754.5814456476,395083503.12,16,120,7811070883.26,-239601054.60000038,-0.030674546189753862,-0.068644421177654,-0.056308192448425116,0.09619238476953908,-0.003922117943689593,0.0625,0.3389830508474576,0.2782608695652174,0.4396551724137931,0.33043478260869563,0.5304347826086957,0.20168067226890757,0.3532415550521279,0.1565217391304348
2023Q3,SAIC,2120529328.28,92753,22862.11042532317,105770540.6,17,106,1361903686.94,758625641.3399999,0.5570332532431288,0.47651427137837327,0.1984873148661509,0.05644839800904359,-0.03384304493656382,0.058823529411764705,0.6610169491525424,0.5565217391304348,0.6896551724137931,0.30434782608695654,0.4782608695652174,0.18487394957983194,0.4791127509881294,0.45217391304347826
2023Q4,BA,6293466923.66,5921,1062906.0840499916,2325052415.0,11,99,5947426446.725,346040476.93499947,0.05818322934040648,-0.08185282242647661,0.5648802410078123,-0.055661881977671454,0.01578315319951964,0.09090909090909091,0.7627118644067796,0.711864406779661,0.8,0.8571428571428571,0.6068376068376068,0.25210084033613445,0.6651095959171732,0.7966101694915254
2023Q4,BAH,1086214208.98,870,1248522.0792873562,55415445.02,17,26,1842456174.5975003,-756241965.6175003,-0.41045316357807404,-0.6343953142973648,0.43656417523210767,-0.4897360703812317,0.0034602076124567475,0.058823529411764705,0.3813559322033898,0.3050847457627119,0.7478260869565218,0.3025210084033613,0.5811965811965812,0.11764705882352941,0.4059385688910159,0.3305084745762712
2023Q4,GD,3387866710.49,2125,1594290.2167011763,1552544940.0,20,127,6785461539.7075,-3397594829.2175007,-0.5007168354481544,-0.50470567409167,0.07675779139523561,-0.4324252136752137,-0.15841584158415842,0.05,0.3050847457627119,0.4915254237288136,0.4956521739130435,0.37815126050420167,0.29914529914529914,0.07983193277310924,0.34156513930452986,0.211864406779661
2023Q4,LDOS,1937086629.74,4613,419919.0612920009,142535738.95,23,57,2613771678.1475005,-676685048.4075005,-0.2588921802408916,-0.5130746432316312,0.20903861044683464,0.055364905056051246,3.2476979742173113,0.043478260869565216,0.5423728813559322,0.4745762711864407,0.6260869565217392,0.9159663865546218,0.9914529914529915,0.029411764705882353,0.5966445419629346,0.6694915254237288
2023Q4,LMT,12202915801.13,9746,1252094.7877211163,663134660.0,8,79,17482872211.267498,-5279956410.137499,-0.30200737878382655,-0.11620438248399971,-0.4557287839230807,-0.17315686773564096,-0.040936823459948826,0.125,0.4661016949152542,0.6864406779661016,0.1565217391304348,0.7899159663865546,0.4700854700854701,0.3277310924369748,0.48279944015346504,0.4915254237288136
2023Q4,NOC,3915675671.04,2312,1693631.3456055364,452351975.72,7,88,4158389636.5225,-242713965.48250008,-0.05836729760741525,0.06816180885076727,0.14126736053956077,-0.2565916398713826,0.0052173913043478265,0.14285714285714285,0.6779661016949152,0.7457627118644068,0.5652173913043478,0.6470588235294118,0.5897435897435898,0.36134453781512604,0.5978488593252996,0.6779661016949152
2023Q4,RTX,4238990973.27,6952,609751.2907465477,343359249.0,13,119,7698127288.535,-3459136315.265,-0.4493477680496102,-0.44013631841676143,-0.2327020211194465,-0.022359724370693293,0.18150917743031952,0.07692307692307693,0.3305084745762712,0.5338983050847458,0.2782608695652174,0.8823529411764706,0.8034188034188035,0.19747899159663865,0.5043197309030245,0.5254237288135594
2023Q4,SAIC,1037281606.24,45519,22787.882120433227,174978000.0,15,91,1449701481.5525,-412419875.3125,-0.2844860687255664,-0.5108383588915707,0.22269138588474702,-0.5092449839897362,-0.39102572678502145,0.06666666666666667,0.5084745762711864,0.4830508474576271,0.6347826086956522,0.2605042016806723,0.1452991452991453,0.14285714285714285,0.36249475371023765,0.2457627118644068
2024Q1,BA,5350336365.43,6326,845769.2642159343,1190593943.0,9,102,6515370085.390001,-1165033719.960001,-0.17881313028901621,-0.14985866608503867,-0.39935893192406663,0.0684006080054045,0.01982911494438175,0.1111111111111111,0.7068965517241379,0.6,0.5043478260869565,0.5263157894736842,0.6837606837606838,0.3177966101694915,0.556519576869159,0.5217391304347826
2024Q1,BAH,1770575453.69,1152,1536957.8591059027,95121587.0,18,27,1924979847.8250003,-154404394.13500023,-0.08021091457630528,0.6300426187138939,0.12945149695581182,0.32413793103448274,-0.1165644171779141,0.05555555555555555,0.8017241379310345,0.8260869565217391,0.7652173913043478,0.7368421052631579,0.5811965811965812,0.09745762711864407,0.6347541332225841,0.7391304347826086
2024Q1,GD,1711401555.91,2113,809939.2124514908,130617903.6,21,90,6845838434.195,-5134436878.285,-0.7500084799896036,-0.4948438937662711,-0.8475251016482975,-0.005647058823529412,-0.32856688910073084,0.047619047619047616,0.25862068965517243,0.3739130434782609,0.1826086956521739,0.4473684210526316,0.358974358974359,0.059322033898305086,0.2801345404518172,0.2
2024Q1,LDOS,1867292453.58,5969,312831.70607807004,117000000.0,22,64,2697500579.3375,-830208125.7575002,-0.3077693966469499,-0.03603048778947383,-0.22878628337954207,0.29395187513548665,3.150904033379694,0.045454545454545456,0.5948275862068966,0.6347826086956522,0.6,0.7017543859649122,0.9829059829059829,0.038135593220338986,0.5920676928322972,0.591304347826087
2024Q1,LMT,7242926559.54,10165,712535.8150063945,523101036.69,10,78,14928438036.68,-7685511477.14,-0.5148235507463187,-0.40645935138966544,-0.4949699155016444,0.042991996716601685,-0.1387782767093112,0.1,0.47413793103448276,0.4260869565217391,0.41739130434782606,0.49122807017543857,0.5641025641025641,0.2669491525423729,0.43998266312073725,0.34782608695652173
2024Q1,NOC,3149709664.41,3000,1049903.22147,350000000.0,7,96,4279561323.785,-1129851659.375,-0.2640110922340325,-0.19561528353714755,-0.5311416982681282,0.2975778546712803,0.1650485436893204,0.14285714285714285,0.6206896551724138,0.5739130434782609,0.391304347826087,0.7105263157894737,0.8034188034188035,0.3855932203389831,0.5809075643373369,0.5739130434782609
2024Q1,RTX,3195028533.85,6062,527058.4846337842,168592535.45,15,123,7376732669.320001,-4181704135.4700007,-0.5668775490349276,-0.24627616477670322,-0.6660349275796892,-0.12802071346375143,-0.06117391977698622,0.06666666666666667,0.4396551724137931,0.5304347826086957,0.2782608695652174,0.35964912280701755,0.6068376068376068,0.1440677966101695,0.39315089180708335,0.30434782608695654
2024Q1,SAIC,869579969.08,2399,362476.018791163,36445833.0,18,47,1496932058.5225,-627352089.4425,-0.41909189256171603,-0.1616741646156195,-0.3760837516587992,-0.8125086479541411,-0.8499624664879356,0.05555555555555555,0.5258620689655172,0.591304347826087,0.5304347826086957,0.03508771929824561,0.042735042735042736,0.09745762711864407,0.30381359809203873,0.20869565217391303
2024Q2,BA,4699066729.04,5949,789891.8690603463,485883933.0,10,114,5626026711.327501,-926959982.2875013,-0.16476281216744854,-0.12172498921713282,0.17307333748910628,-0.059595320897881755,-0.00883038987004332,0.1,0.49557522123893805,0.35185185185185186,0.6727272727272727,0.44144144144144143,0.6454545454545455,0.23684210526315788,0.4739820729962012,0.43243243243243246
2024Q2,BAH,2413317248.09,1458,1655224.4499931415,149529554.0,20,37,1975713244.4275002,437604003.6624999,0.221491658719585,0.3630129363086348,0.16301309002743922,0.265625,0.07048458149779736,0.05,0.7345132743362832,0.5370370370370371,0.6636363636363637,0.8018018018018018,0.7363636363636363,0.08333333333333333,0.5927809077514092,0.6216216216216216
2024Q2,GD,2720637385.39,909,2993000.423971397,995500296.0,7,87,4467650625.392501,-1747013240.002501,-0.39103622608113386,0.5897130489304486,-0.5413027079344145,-0.5698059630856602,-0.7145100502512562,0.14285714285714285,0.37168141592920356,0.6388888888888888,0.32727272727272727,0.18018018018018017,0.21818181818181817,0.40350877192982454,0.3566189670637738,0.24324324324324326
2024Q2,LDOS,2817571357.03,4583,614787.5533558804,252499764.37,21,61,2559014031.695,258557325.33500004,0.1010378693249059,0.5089073763609508,0.14839948403852027,-0.23219969844195007,2.3673769287288757,0.047619047619047616,0.6637168141592921,0.5740740740740741,0.6454545454545455,0.3333333333333333,1.0,0.07017543859649122,0.547792367602956,0.5585585585585585
2024Q2,LMT,13490022008.41,9991,1350217.396497848,1419686960.76,8,84,13153776062.472498,336245945.9375019,0.025562693506452946,0.8625098428813497,-0.3032685036455444,-0.017117560255779637,-0.045658611137644474,0.125,0.6194690265486725,0.7222222222222222,0.4,0.5225225225225225,0.6090909090909091,0.33771929824561403,0.5351706631049901,0.5315315315315315
2024Q2,NOC,5534872882.93,2602,2127160.9849846275,1857000000.0,11,84,3387531613.515,2147341269.4150004,0.6338955659772744,0.7572644696338342,0.9634634288431766,-0.13266666666666665,-0.006111535523300229,0.09090909090909091,0.8672566371681416,0.7037037037037037,0.8909090909090909,0.38738738738738737,0.6545454545454545,0.19736842105263158,0.6168617824610683,0.7027027027027027
2024Q2,RTX,5393060470.41,6468,833806.5043923933,677715432.86,11,105,5783751266.5525,-390690796.1424999,-0.06754972303215549,0.6879537735806628,-0.33660741313003884,0.06697459584295612,-0.0029289347926622477,0.09090909090909091,0.5575221238938053,0.6851851851851852,0.39090909090909093,0.6756756756756757,0.6636363636363637,0.19736842105263158,0.5283828100587921,0.5135135135135135
2024Q2,SAIC,1583542015.38,1524,1039069.5638976379,141543379.0,16,51,1365890873.905,217651141.47500014,0.1593473868470536,0.8210424247184064,0.10261261367808354,-0.36473530637765733,-0.8678080196386986,0.0625,0.6991150442477876,0.7129629629629629,0.6181818181818182,0.26126126126126126,0.045454545454545456,0.11842105263157894,0.4092327807899923,0.34234234234234234
2024Q3,BA,8073419480.43,6145,1313819.2807860048,2223793610.3,10,110,5799349882.1575,2274069598.2725,0.3921249182204007,0.7180899838124595,0.17782255777918288,0.03294671373340057,-0.019936204146730464,0.1,0.7017543859649122,0.6880733944954128,0.672566371681416,0.3888888888888889,0.7017543859649122,0.2543103448275862,0.5678912953038547,0.6491228070175439
2024Q3,BAH,3135072539.62,1575,1990522.2473777777,94219270.0,21,28,2060278565.5750003,1074793974.0449996,0.521674103688516,0.29907186554160126,0.05522207408707957,0.08024691358024691,-0.07624633431085044,0.047619047619047616,0.7368421052631579,0.5871559633027523,0.6194690265486725,0.4537037037037037,0.631578947368421,0.09051724137931035,0.519877831261003,0.5
2024Q3,GD,3488258403.79,1129,3089688.577316209,1316877000.0,10,82,3665003427.8325005,-176745024.0425005,-0.04822506377491393,0.282147493275721,-0.49002875781693617,0.24202420242024203,-0.6984508547008547,0.1,0.47368421052631576,0.5779816513761468,0.336283185840708,0.7314814814814815,0.23684210526315788,0.2543103448275862,0.4350971632192327,0.32456140350877194
2024Q3,LDOS,4604083472.59,5233,879817.2124192624,358464083.21,28,65,2650037700.165,1954045772.4250002,0.7373652730688831,0.6340610011890385,0.15732820260245226,0.14182849661793584,0.19720887668725692,0.03571428571428571,0.8157894736842105,0.6697247706422018,0.6637168141592921,0.5740740740740741,0.8771929824561403,0.02586206896551724,0.604393363996906,0.7280701754385965
2024Q3,LMT,16922747337.87,11679,1448989.4115823272,2423365242.0,10,83,11685815015.0525,5236932322.817501,0.4481443798375901,0.25446402736185003,0.22562920020763458,0.16895205685116604,-0.009162636803257827,0.1,0.7192982456140351,0.5688073394495413,0.6991150442477876,0.6481481481481481,0.7280701754385965,0.2543103448275862,0.6029582162876159,0.7192982456140351
2024Q3,NOC,5746218749.19,2963,1939324.5862942962,1456019386.0,12,94,4066516453.22,1679702295.9699998,0.41305680557125424,0.03818441195132181,0.5675178254885356,0.13873943120676402,-0.047266881028938904,0.08333333333333333,0.7105263157894737,0.46788990825688076,0.8053097345132744,0.5555555555555556,0.6754385964912281,0.17672413793103448,0.5652407080895744,0.631578947368421
2024Q3,RTX,12717234472.92,7701,1651374.4283755356,966997119.0,9,118,5099637451.5475,7617597021.3725,1.4937526625664181,1.358073776976061,0.6796255893118573,0.1906307977736549,0.08297004640697511,0.1111111111111111,0.9473684210526315,0.7889908256880734,0.8230088495575221,0.6759259259259259,0.7982456140350878,0.3232758620689655,0.7261359163880344,0.9385964912280702
2024Q3,SAIC,1743067664.15,1661,1049408.5876881396,106172178.22,17,40,1402733229.745,340334434.4050002,0.2426223512697913,0.10073976390940209,-0.1780035103009709,0.08989501312335958,-0.9001119221411192,0.058823529411764705,0.6140350877192983,0.5137614678899083,0.5221238938053098,0.4722222222222222,0.05263157894736842,0.1206896551724138,0.3825773176260869,0.2631578947368421
2024Q4,BA,6618738811.08,5273,1255213.125560402,2389323828.0,8,100,6104072374.640001,514666436.4399986,0.08431525788885359,-0.18018147983963323,0.051684054491039806,-0.1419039869812856,-0.10944097280864719,0.125,0.8440366972477065,0.6634615384615384,0.719626168224299,0.7980769230769231,0.5794392523364486,0.23873873873873874,0.6405632196809424,0.7706422018348624
2024Q4,BAH,987760951.25,883,1118642.0738958097,49509320.0,16,27,2101294862.5950003,-1113533911.3450003,-0.529927489552722,-0.6849320266861431,-0.09063889692849046,-0.43936507936507935,0.014942528735632184,0.0625,0.41284403669724773,0.33653846153846156,0.5794392523364486,0.36538461538461536,0.7009345794392523,0.08108108108108109,0.4127036710795178,0.3211009174311927
2024Q4,GD,4815115883.61,778,6189094.966079691,2644813959.0,4,76,2827041013.8950005,1988074869.7149992,0.7032352413507782,0.38037820775501213,0.4212825636559862,-0.31089459698848537,-0.6338823529411765,0.25,0.9541284403669725,0.8269230769230769,0.8878504672897196,0.5576923076923077,0.2523364485981308,0.47297297297297297,0.6586506189738633,0.7798165137614679
2024Q4,LDOS,2127660849.91,3537,601543.921376873,192754899.87,25,55,2806508478.2350006,-678847628.3250005,-0.24188333425307323,-0.5378752660378904,0.09838187783866918,-0.3240970762468947,-0.23325384782137437,0.04,0.5871559633027523,0.4326923076923077,0.7383177570093458,0.5288461538461539,0.45794392523364486,0.018018018018018018,0.4604956875170371,0.41284403669724773
2024Q4,LMT,17631987210.440002,9045,1949362.8756705364,7384655472.0,8,77,12464652926.737501,5167334283.702501,0.4145590185361864,0.04191044506011462,0.4448995221951189,-0.22553300796301054,-0.071926944387441,0.125,0.926605504587156,0.75,0.897196261682243,0.6923076923076923,0.616822429906542,0.23873873873873874,0.6869451045370619,0.8165137614678899
2024Q4,NOC,2857728844.75,2292,1246827.5936954624,440808738.07,9,82,4586619241.8925,-1728890397.1425,-0.37694221080124735,-0.5026766349344371,-0.27018244491352633,-0.22645966925413433,-0.00865051903114187,0.1111111111111111,0.48623853211009177,0.5,0.4672897196261682,0.6730769230769231,0.6542056074766355,0.1981981981981982,0.4965014967480028,0.5045871559633027
2024Q4,RTX,6142636621.91,5202,1180822.11109381,590801245.12,7,111,6386078612.6125,-243441990.70250034,-0.03812073190294003,-0.5169833004974398,0.44907990147747556,-0.32450331125827814,-0.2517261219792865,0.14285714285714285,0.7706422018348624,0.46153846153846156,0.9065420560747663,0.5192307692307693,0.4205607476635514,0.2972972972972973,0.562635255606618,0.6238532110091743
2024Q4,SAIC,1040936391.3299999,993,1048274.311510574,232612982.0,15,35,1308367813.7125,-267431422.38250017,-0.20440079584628593,-0.40281354950290565,0.0035234261053254346,-0.4021673690547863,-0.940873015873016,0.06666666666666667,0.6238532110091743,0.5865384615384616,0.6822429906542056,0.41346153846153844,0.037383177570093455,0.0945945945945946,0.406345662304678,0.3119266055045872
2025Q1,BA,5575243621.21,5117,1089553.1798338871,1307749012.0,9,91,6185390346.495001,-610146725.2850008,-0.09864320456844654,-0.15765770785865615,0.0420360965028643,-0.029584676654655792,-0.19111602908631045,0.1111111111111111,0.6296296296296297,0.29,0.4563106796116505,0.23711340206185566,0.49523809523809526,0.22935779816513763,0.3896082674510615,0.2571428571428571
2025Q1,BAH,2059888980.86,1228,1677434.0235016285,269688246.0,18,27,2076681548.1625004,-16792567.302500486,-0.008086250545905302,1.0854124454436413,0.1634008460735467,0.39071347678369195,0.06597222222222222,0.05555555555555555,0.6666666666666666,0.77,0.5728155339805825,0.7628865979381443,0.780952380952381,0.09174311926605505,0.6075107164673049,0.7523809523809524
2025Q1,GD,4359834895.91,616,7077654.051801948,1748071405.0,3,76,3183853307.175,1175981588.7349997,0.3693579682471099,-0.09455244665029028,1.5475230408983436,-0.20822622107969152,-0.7084713677236157,0.3333333333333333,0.8518518518518519,0.34,0.8252427184466019,0.18556701030927836,0.2,0.6146788990825688,0.5028900799483836,0.5047619047619047
2025Q1,LDOS,2116393113.7,4352,486303.5647288603,94000000.0,21,64,2854152033.2775006,-737758919.5775006,-0.25848620219796486,-0.005295832844072241,0.13340206010173755,0.2304212609556121,-0.2708996481822751,0.047619047619047616,0.4351851851851852,0.44,0.5436893203883495,0.5876288659793815,0.4095238095238095,0.05504587155963303,0.41184550877272647,0.29523809523809524
2025Q1,LMT,11145971609.83,9872,1129048.9880297813,1444408054.5,7,73,13821920779.065002,-2675949169.2350025,-0.1936018308893838,-0.3678550536135595,0.5388767949260945,0.09143173023770039,-0.02882439744220364,0.14285714285714285,0.5370370370370371,0.2,0.6990291262135923,0.4020618556701031,0.6761904761904762,0.3256880733944954,0.47333442808428394,0.4
2025Q1,NOC,3571519194.99,2303,1550811.6348198003,688875896.0,11,84,4322132535.32,-750613340.3299999,-0.1736673584616087,0.24977539473394075,0.13392013090800634,0.004799301919720768,-0.23233333333333334,0.09090909090909091,0.5555555555555556,0.62,0.5533980582524272,0.28865979381443296,0.45714285714285713,0.1743119266055046,0.44151136522846296,0.38095238095238093
2025Q1,RTX,5355296001.5,6161,869225.1260347347,500000000.0,9,101,6861990024.7725,-1506694023.2725,-0.21957100168219093,-0.12817633027512265,0.6761340140668115,0.1843521722414456,0.0163312438139228,0.1111111111111111,0.5092592592592593,0.3,0.7281553398058253,0.5154639175257731,0.7238095238095238,0.22935779816513763,0.5010076397609199,0.49523809523809526
2025Q1,SAIC,1007450190.33,1216,828495.2223108553,30021139.0,18,45,1309281509.9850001,-301831319.6550001,-0.23053202642299442,-0.03216930571253706,0.1585480647580512,0.22457200402819738,-0.49312213422259277,0.05555555555555555,0.49074074074074076,0.42,0.5631067961165048,0.5773195876288659,0.24761904761904763,0.09174311926605505,0.398421548561869,0.26666666666666666
2025Q2,BA,2855071987.29,6422,444576.7653830582,150477852.19,9,111,6241617160.440001,-3386545173.1500006,-0.5425749587165111,-0.487901842274946,-0.39241722837307325,0.2550322454563221,0.07950916120356362,0.1111111111111111,0.28703703703703703,0.22448979591836735,0.375,0.7575757575757576,0.7238095238095238,0.26605504587155965,0.4389945267020409,0.39622641509433965
2025Q2,BAH,1780148054.07,1360,1308932.3926985294,211768512.45,17,29,2149009929.955,-368861875.885,-0.17164270427206632,-0.13580388525269388,-0.2623646744003992,0.10749185667752444,-0.06721536351165981,0.058823529411764705,0.5092592592592593,0.3979591836734694,0.4519230769230769,0.5454545454545454,0.49523809523809526,0.11009174311926606,0.4183209839446187,0.33962264150943394
2025Q2,GD,13192016149.07,1814,7272335.253070562,8377436425.0,20,109,3845961642.175,9346054506.895,2.430095611044509,2.025806358274151,3.848869687637164,1.9448051948051948,0.9955995599559956,0.05,0.9722222222222222,0.9183673469387755,0.9519230769230769,0.9696969696969697,0.9523809523809523,0.0779816513761468,0.807095369923024,0.9716981132075472
2025Q2,LDOS,1842237209.34,4800,383799.41861249995,145138105.2,21,73,2916427198.3075004,-1074189988.9675004,-0.36832395116562094,-0.1295392158410046,-0.3461612942850538,0.10294117647058823,0.04734889810168012,0.047619047619047616,0.37037037037037035,0.40816326530612246,0.38461538461538464,0.5151515151515151,0.6666666666666666,0.05045871559633028,0.3992376529510649,0.2830188679245283
2025Q2,LMT,11278578132.51,10895,1035206.8042689307,955992019.55,8,90,14797682041.637503,-3519103909.1275024,-0.23781453738670008,0.011897260043534495,-0.16393182120246602,0.10362641815235007,0.09048143328996096,0.125,0.46296296296296297,0.4897959183673469,0.5480769230769231,0.5252525252525253,0.7333333333333333,0.3073394495412844,0.5111268520890627,0.5471698113207547
2025Q2,NOC,2887213893.68,2637,1094885.814819871,309558169.24,9,90,4427584917.965,-1540371024.2850003,-0.34790321424100057,-0.1916006225781788,-0.4783594935695085,0.1450282240555797,0.013451191391237509,0.1111111111111111,0.37962962962962965,0.3673469387755102,0.3173076923076923,0.6363636363636364,0.5904761904761905,0.26605504587155965,0.4261965222373698,0.36792452830188677
2025Q2,RTX,6840538753.45,5741,1191523.9075857864,646519738.14,11,105,7402056891.685,-561518138.2350006,-0.07585974364311822,0.2773409259794395,0.26839644965634096,-0.06817075150137965,-0.11239950525664812,0.09090909090909091,0.5740740740740741,0.6428571428571429,0.7692307692307693,0.29292929292929293,0.44761904761904764,0.1651376146788991,0.48197465689820435,0.49056603773584906
2025Q2,SAIC,1066385167.45,1324,805426.8636329306,134886024.0,16,46,1343749065.2975001,-277363897.8475001,-0.20641048616178417,0.05849914733818779,-0.3265823343537233,0.08881578947368421,-0.13123359580052493,0.0625,0.49074074074074076,0.5306122448979592,0.40384615384615385,0.47474747474747475,0.42857142857142855,0.12844036697247707,0.4094930682960391,0.3113207547169811
